timestamp,latitude,longitude
2026-09-07T14:32:45Z,10.143406,76.354628
2026-09-07T14:32:47Z,10.143407,76.354629
2026-09-07T14:32:49Z,10.143408,76.354630
2026-09-07T14:32:51Z,10.143408,76.354631
2026-09-07T14:32:53Z,10.143409,76.354632
2026-09-07T14:32:55Z,10.143409,76.354633
2026-09-07T14:32:57Z,10.143410,76.354634
2026-09-07T14:32:59Z,10.143410,76.354634
2026-09-07T14:33:01Z,10.143411,76.354635
2026-09-07T14:33:03Z,10.143411,76.354636
2026-09-07T14:33:05Z,10.143412,76.354637
2026-09-07T14:33:07Z,10.143412,76.354637
2026-09-07T14:33:09Z,10.143413,76.354638
2026-09-07T14:33:11Z,10.143414,76.354639
2026-09-07T14:33:13Z,10.143414,76.354640
2026-09-07T14:33:15Z,10.143427,76.354646
2026-09-07T14:33:17Z,10.143439,76.354651
2026-09-07T14:33:19Z,10.143444,76.354661
2026-09-07T14:33:21Z,10.143443,76.354661
